{
  "image_filename": "CLEVR_train_000004.png",
  "split": "train",
  "directions": {
    "behind": [
      -0.754490315914154,
      0.6563112735748291,
      0.0
    ],
    "left": [
      -0.6563112735748291,
      -0.7544902563095093,
      0.0
    ],
    "below": [
      -0.0,
      -0.0,
      -1.0
    ],
    "front": [
      0.754490315914154,
      -0.6563112735748291,
      -0.0
    ],
    "right": [
      0.6563112735748291,
      0.7544902563095093,
      -0.0
    ],
    "above": [
      0.0,
      0.0,
      1.0
    ]
  },
  "obj_mask": {
    "3": "38678,11,465,19,459,23,456,26,453,28,452,28,452,28,452,28,452,28,452,28,452,28,452,28,452,28,452,28,452,28,452,28,452,28,452,27,453,27,453,27,453,27,453,27,453,27,453,27,453,27,453,27,453,27,453,27,453,27,453,27,453,27,454,25,456,24,458,20,463,14,98589",
    "2": "48103,10,468,21,458,29,450,31,448,32,446,34,445,35,444,36,442,38,441,40,439,41,439,41,439,41,439,41,439,41,440,40,440,40,440,40,440,41,439,41,439,41,439,41,440,40,440,40,440,40,440,40,440,40,440,40,440,40,441,38,442,37,443,36,444,35,445,34,446,33,448,31,449,30,454,25,463,16,472,7,86759",
    "1": "51104,13,463,21,456,27,451,31,447,35,444,38,440,41,438,44,435,46,433,48,431,50,429,52,427,54,425,56,423,57,422,59,421,60,419,61,419,62,417,63,417,64,415,65,415,66,413,67,413,67,413,68,412,68,411,69,411,69,411,70,410,70,410,70,410,70,410,70,409,71,409,71,409,71,410,70,410,70,410,70,410,70,410,70,410,69,411,69,412,68,412,68,412,67,414,66,414,65,415,65,416,64,416,63,418,62,419,60,420,59,422,58,423,56,424,55,426,53,428,51,430,49,432,47,434,45,437,42,439,40,442,36,445,33,449,29,454,24,459,17,470,3,68888"
  },
  "image_index": 4,
  "obj_bbox": {
    "1": [
      195,
      106,
      71,
      71
    ],
    "2": [
      90,
      100,
      42,
      40
    ],
    "3": [
      270,
      80,
      29,
      36
    ]
  },
  "relationships": {
    "front": [
      [],
      [
        0
      ],
      [
        0,
        1
      ]
    ],
    "behind": [
      [
        1,
        2
      ],
      [
        2
      ],
      []
    ],
    "right": [
      [
        2
      ],
      [
        0,
        2
      ],
      []
    ],
    "left": [
      [
        1
      ],
      [],
      [
        0,
        1
      ]
    ]
  },
  "objects": [
    {
      "idx": 1,
      "size": "large",
      "rotation": 290.2057728548399,
      "pixel_coords": [
        231,
        141
      ],
      "color": "purple",
      "3d_coords": [
        0.2689618170261383,
        -0.467021644115448,
        0.699999988079071
      ],
      "shape": "sphere",
      "material": "rubber"
    },
    {
      "idx": 2,
      "size": "small",
      "rotation": 223.6582722728979,
      "pixel_coords": [
        112,
        120
      ],
      "color": "red",
      "3d_coords": [
        -2.9288017749786377,
        -1.4217580556869507,
        0.3499999940395355
      ],
      "shape": "cube",
      "material": "rubber"
    },
    {
      "idx": 3,
      "size": "small",
      "rotation": 161.3773809533044,
      "pixel_coords": [
        284,
        98
      ],
      "color": "yellow",
      "3d_coords": [
        -1.3217028379440308,
        2.577718734741211,
        0.3499999940395355
      ],
      "shape": "cylinder",
      "material": "metal"
    }
  ]
}