{
  "image_filename": "CLEVR_train_000009.png",
  "split": "train",
  "directions": {
    "behind": [
      -0.754490315914154,
      0.6563112735748291,
      0.0
    ],
    "left": [
      -0.6563112735748291,
      -0.7544902563095093,
      0.0
    ],
    "below": [
      -0.0,
      -0.0,
      -1.0
    ],
    "front": [
      0.754490315914154,
      -0.6563112735748291,
      -0.0
    ],
    "right": [
      0.6563112735748291,
      0.7544902563095093,
      -0.0
    ],
    "above": [
      0.0,
      0.0,
      1.0
    ]
  },
  "obj_mask": {
    "3": "54333,16,456,31,444,40,436,46,431,52,425,56,422,60,418,63,415,66,412,68,410,71,408,72,407,74,405,75,404,76,403,77,402,78,402,78,401,79,401,80,400,80,400,80,400,80,400,80,400,80,400,80,400,80,401,79,401,80,400,80,400,80,400,80,401,79,401,79,401,79,401,79,401,79,401,80,401,79,401,79,401,79,401,79,401,79,402,78,402,78,402,78,402,79,401,79,402,78,402,78,402,78,402,78,402,78,403,77,403,77,403,77,403,78,402,78,403,77,403,77,403,77,403,77,403,77,403,77,404,76,404,77,403,77,403,77,403,77,404,76,404,76,404,76,404,76,404,76,405,76,404,76,404,75,405,75,405,75,406,74,406,73,407,73,407,72,408,72,409,70,410,69,411,68,412,67,414,65,415,64,417,61,420,59,422,56,425,53,428,50,432,45,437,40,442,35,449,27,458,16,51738",
    "2": "48644,4,474,8,469,14,463,20,458,25,452,30,448,35,442,39,440,40,440,40,440,41,439,41,439,41,439,41,439,41,439,41,439,41,439,41,439,41,439,41,440,40,440,40,440,40,440,40,440,40,440,40,440,40,440,40,440,41,439,41,440,40,440,40,440,39,441,38,443,35,447,31,451,27,455,23,460,18,464,14,468,9,474,4,85272",
    "1": "43458,11,465,19,458,25,453,29,449,33,445,36,443,39,440,41,437,44,435,46,433,48,432,49,430,51,428,52,427,54,426,55,424,56,424,57,422,58,422,59,420,60,420,61,419,61,418,62,418,62,418,63,416,64,416,64,416,64,416,64,416,64,416,64,416,64,416,64,416,64,416,64,416,64,416,64,417,63,417,63,417,62,418,62,419,61,419,60,420,60,421,59,421,58,423,57,423,56,425,54,427,53,427,52,429,50,431,48,433,47,434,45,436,42,439,40,441,38,444,34,447,32,450,28,455,22,461,16,470,4,79415"
  },
  "image_index": 9,
  "obj_bbox": {
    "1": [
      231,
      90,
      64,
      65
    ],
    "2": [
      145,
      101,
      42,
      42
    ],
    "3": [
      53,
      113,
      86,
      100
    ]
  },
  "relationships": {
    "front": [
      [
        2
      ],
      [
        0,
        2
      ],
      []
    ],
    "behind": [
      [
        1
      ],
      [],
      [
        0,
        1
      ]
    ],
    "right": [
      [],
      [
        0
      ],
      [
        0,
        1
      ]
    ],
    "left": [
      [
        1,
        2
      ],
      [
        2
      ],
      []
    ]
  },
  "objects": [
    {
      "idx": 1,
      "size": "large",
      "rotation": 149.28659352784533,
      "pixel_coords": [
        263,
        122
      ],
      "color": "brown",
      "3d_coords": [
        -0.013632340356707573,
        0.6571953892707825,
        0.699999988079071
      ],
      "shape": "sphere",
      "material": "metal"
    },
    {
      "idx": 2,
      "size": "small",
      "rotation": 303.3461697056918,
      "pixel_coords": [
        166,
        122
      ],
      "color": "gray",
      "3d_coords": [
        -2.0360915660858154,
        -0.5831459164619446,
        0.3499999940395355
      ],
      "shape": "cube",
      "material": "metal"
    },
    {
      "idx": 3,
      "size": "large",
      "rotation": 324.90643828755594,
      "pixel_coords": [
        98,
        162
      ],
      "color": "blue",
      "3d_coords": [
        -0.6490275263786316,
        -2.9224019050598145,
        0.699999988079071
      ],
      "shape": "cylinder",
      "material": "metal"
    }
  ]
}